<recPhylo>
  <spTree>
    <phylogeny>
      <clade>
        <name>Eumetazoa</name>
        <clade>
          <name>Bilateria</name>
          <clade>
            <name>Deuterostomia</name>
            <clade>
              <name>Chordata</name>
              <clade>
                <name>Hsapiens</name>
              </clade>
              <clade>
                <name>Bbelcheri</name>
              </clade>
            </clade>
            <clade>
              <name>Aplanci</name>
            </clade>
          </clade>
          <clade>
            <name>Myessoensis</name>
          </clade>
        </clade>
        <clade>
          <name>Cnidaria</name>
          <clade>
            <name>Anthozoa</name>
            <clade>
              <name>Nvectensis</name>
            </clade>
            <clade>
              <name>Dgigantea</name>
            </clade>
          </clade>
          <clade>
            <name>Hvulgaris</name>
          </clade>
        </clade>
      </clade>
    </phylogeny>
  </spTree>
  <recGeneTree>
    <phylogeny rooted="true">
      <clade>
        <name>n57</name>
        <confidence>1.0</confidence>
        <branch_length>1.0</branch_length>
        <eventsRec>
          <duplication speciesLocation="Eumetazoa"></duplication>
        </eventsRec>
        <clade>
          <name>n49</name>
          <confidence>1.0</confidence>
          <branch_length>0.92896983575</branch_length>
          <eventsRec>
            <duplication speciesLocation="Eumetazoa"></duplication>
          </eventsRec>
          <clade>
            <name>n47</name>
            <confidence>1.0</confidence>
            <branch_length>0.3582048693</branch_length>
            <eventsRec>
              <duplication speciesLocation="Eumetazoa"></duplication>
            </eventsRec>
            <clade>
              <name>n45</name>
              <confidence>1.0</confidence>
              <branch_length>0.0980921191</branch_length>
              <eventsRec>
                <duplication speciesLocation="Eumetazoa"></duplication>
              </eventsRec>
              <clade>
                <name>r37</name>
                <confidence>1.0</confidence>
                <branch_length>1.0</branch_length>
                <eventsRec>
                  <speciation speciesLocation="Eumetazoa"></speciation>
                </eventsRec>
                <clade>
                  <name>r35</name>
                  <confidence>1.0</confidence>
                  <branch_length>1.0</branch_length>
                  <eventsRec>
                    <speciation speciesLocation="Cnidaria"></speciation>
                  </eventsRec>
                  <clade>
                    <name>r33</name>
                    <confidence>1.0</confidence>
                    <branch_length>1.0</branch_length>
                    <eventsRec>
                      <speciation speciesLocation="Anthozoa"></speciation>
                    </eventsRec>
                    <clade>
                      <name>n29</name>
                      <confidence>1.0</confidence>
                      <branch_length>0.2530195452</branch_length>
                      <eventsRec>
                        <duplication speciesLocation="Nvectensis"></duplication>
                      </eventsRec>
                      <clade>
                        <name>Nvectensis.XP_001634797.2</name>
                        <confidence>1.0</confidence>
                        <branch_length>1.0</branch_length>
                        <eventsRec>
                          <leaf speciesLocation="Nvectensis" geneName="Nvectensis.XP_001634797.2"></leaf>
                        </eventsRec>
                      </clade>
                      <clade>
                        <name>Nvectensis.XP_032240110.1</name>
                        <confidence>1.0</confidence>
                        <branch_length>1.0</branch_length>
                        <eventsRec>
                          <leaf speciesLocation="Nvectensis" geneName="Nvectensis.XP_032240110.1"></leaf>
                        </eventsRec>
                      </clade>
                    </clade>
                    <clade>
                      <name>Dgigantea*LOST</name>
                      <confidence>1.0</confidence>
                      <branch_length>1.0</branch_length>
                      <eventsRec>
                        <loss speciesLocation="Dgigantea"></loss>
                      </eventsRec>
                    </clade>
                  </clade>
                  <clade>
                    <name>Hvulgaris*LOST</name>
                    <confidence>1.0</confidence>
                    <branch_length>1.0</branch_length>
                    <eventsRec>
                      <loss speciesLocation="Hvulgaris"></loss>
                    </eventsRec>
                  </clade>
                </clade>
                <clade>
                  <name>Bilateria*LOST</name>
                  <confidence>1.0</confidence>
                  <branch_length>1.0</branch_length>
                  <eventsRec>
                    <loss speciesLocation="Bilateria"></loss>
                  </eventsRec>
                </clade>
              </clade>
              <clade>
                <name>n44</name>
                <confidence>1.0</confidence>
                <branch_length>0.1421880905</branch_length>
                <eventsRec>
                  <speciation speciesLocation="Eumetazoa"></speciation>
                </eventsRec>
                <clade>
                  <name>n42</name>
                  <confidence>1.0</confidence>
                  <branch_length>0.4507250439</branch_length>
                  <eventsRec>
                    <duplication speciesLocation="Bilateria"></duplication>
                  </eventsRec>
                  <clade>
                    <name>n40</name>
                    <confidence>1.0</confidence>
                    <branch_length>0.3223805572</branch_length>
                    <eventsRec>
                      <duplication speciesLocation="Bilateria"></duplication>
                    </eventsRec>
                    <clade>
                      <name>n34</name>
                      <confidence>1.0</confidence>
                      <branch_length>0.1354073615</branch_length>
                      <eventsRec>
                        <duplication speciesLocation="Bilateria"></duplication>
                      </eventsRec>
                      <clade>
                        <name>n32</name>
                        <confidence>1.0</confidence>
                        <branch_length>0.16905597</branch_length>
                        <eventsRec>
                          <speciation speciesLocation="Bilateria"></speciation>
                        </eventsRec>
                        <clade>
                          <name>Myessoensis.XP_021374340.1</name>
                          <confidence>1.0</confidence>
                          <branch_length>1.0</branch_length>
                          <eventsRec>
                            <leaf speciesLocation="Myessoensis" geneName="Myessoensis.XP_021374340.1"></leaf>
                          </eventsRec>
                        </clade>
                        <clade>
                          <name>r39</name>
                          <confidence>1.0</confidence>
                          <branch_length>1.0</branch_length>
                          <eventsRec>
                            <speciation speciesLocation="Deuterostomia"></speciation>
                          </eventsRec>
                          <clade>
                            <name>Aplanci.XP_022086689.1</name>
                            <confidence>1.0</confidence>
                            <branch_length>1.0</branch_length>
                            <eventsRec>
                              <leaf speciesLocation="Aplanci" geneName="Aplanci.XP_022086689.1"></leaf>
                            </eventsRec>
                          </clade>
                          <clade>
                            <name>Chordata*LOST</name>
                            <confidence>1.0</confidence>
                            <branch_length>1.0</branch_length>
                            <eventsRec>
                              <loss speciesLocation="Chordata"></loss>
                            </eventsRec>
                          </clade>
                        </clade>
                      </clade>
                      <clade>
                        <name>r45</name>
                        <confidence>1.0</confidence>
                        <branch_length>1.0</branch_length>
                        <eventsRec>
                          <speciation speciesLocation="Bilateria"></speciation>
                        </eventsRec>
                        <clade>
                          <name>r43</name>
                          <confidence>1.0</confidence>
                          <branch_length>1.0</branch_length>
                          <eventsRec>
                            <speciation speciesLocation="Deuterostomia"></speciation>
                          </eventsRec>
                          <clade>
                            <name>r41</name>
                            <confidence>1.0</confidence>
                            <branch_length>1.0</branch_length>
                            <eventsRec>
                              <speciation speciesLocation="Chordata"></speciation>
                            </eventsRec>
                            <clade>
                              <name>Bbelcheri.XP_019615461.1</name>
                              <confidence>1.0</confidence>
                              <branch_length>1.0</branch_length>
                              <eventsRec>
                                <leaf speciesLocation="Bbelcheri" geneName="Bbelcheri.XP_019615461.1"></leaf>
                              </eventsRec>
                            </clade>
                            <clade>
                              <name>Hsapiens*LOST</name>
                              <confidence>1.0</confidence>
                              <branch_length>1.0</branch_length>
                              <eventsRec>
                                <loss speciesLocation="Hsapiens"></loss>
                              </eventsRec>
                            </clade>
                          </clade>
                          <clade>
                            <name>Aplanci*LOST</name>
                            <confidence>1.0</confidence>
                            <branch_length>1.0</branch_length>
                            <eventsRec>
                              <loss speciesLocation="Aplanci"></loss>
                            </eventsRec>
                          </clade>
                        </clade>
                        <clade>
                          <name>Myessoensis*LOST</name>
                          <confidence>1.0</confidence>
                          <branch_length>1.0</branch_length>
                          <eventsRec>
                            <loss speciesLocation="Myessoensis"></loss>
                          </eventsRec>
                        </clade>
                      </clade>
                    </clade>
                    <clade>
                      <name>r51</name>
                      <confidence>1.0</confidence>
                      <branch_length>1.0</branch_length>
                      <eventsRec>
                        <speciation speciesLocation="Bilateria"></speciation>
                      </eventsRec>
                      <clade>
                        <name>r49</name>
                        <confidence>1.0</confidence>
                        <branch_length>1.0</branch_length>
                        <eventsRec>
                          <speciation speciesLocation="Deuterostomia"></speciation>
                        </eventsRec>
                        <clade>
                          <name>r47</name>
                          <confidence>1.0</confidence>
                          <branch_length>1.0</branch_length>
                          <eventsRec>
                            <speciation speciesLocation="Chordata"></speciation>
                          </eventsRec>
                          <clade>
                            <name>n39</name>
                            <confidence>1.0</confidence>
                            <branch_length>0.6221521394</branch_length>
                            <eventsRec>
                              <duplication speciesLocation="Hsapiens"></duplication>
                            </eventsRec>
                            <clade>
                              <name>n37</name>
                              <confidence>1.0</confidence>
                              <branch_length>0.2705491256</branch_length>
                              <eventsRec>
                                <duplication speciesLocation="Hsapiens"></duplication>
                              </eventsRec>
                              <clade>
                                <name>Hsapiens.NP_001608.1_beta-adducin_isoform_a</name>
                                <confidence>1.0</confidence>
                                <branch_length>1.0</branch_length>
                                <eventsRec>
                                  <leaf speciesLocation="Hsapiens" geneName="Hsapiens.NP_001608.1_beta-adducin_isoform_a"></leaf>
                                </eventsRec>
                              </clade>
                              <clade>
                                <name>Hsapiens.NP_058432.1_gamma-adducin_isoform_a</name>
                                <confidence>1.0</confidence>
                                <branch_length>1.0</branch_length>
                                <eventsRec>
                                  <leaf speciesLocation="Hsapiens" geneName="Hsapiens.NP_058432.1_gamma-adducin_isoform_a"></leaf>
                                </eventsRec>
                              </clade>
                            </clade>
                            <clade>
                              <name>Hsapiens.NP_001341690.1_alpha-adducin_isoform_g</name>
                              <confidence>1.0</confidence>
                              <branch_length>1.0</branch_length>
                              <eventsRec>
                                <leaf speciesLocation="Hsapiens" geneName="Hsapiens.NP_001341690.1_alpha-adducin_isoform_g"></leaf>
                              </eventsRec>
                            </clade>
                          </clade>
                          <clade>
                            <name>Bbelcheri*LOST</name>
                            <confidence>1.0</confidence>
                            <branch_length>1.0</branch_length>
                            <eventsRec>
                              <loss speciesLocation="Bbelcheri"></loss>
                            </eventsRec>
                          </clade>
                        </clade>
                        <clade>
                          <name>Aplanci*LOST</name>
                          <confidence>1.0</confidence>
                          <branch_length>1.0</branch_length>
                          <eventsRec>
                            <loss speciesLocation="Aplanci"></loss>
                          </eventsRec>
                        </clade>
                      </clade>
                      <clade>
                        <name>Myessoensis*LOST</name>
                        <confidence>1.0</confidence>
                        <branch_length>1.0</branch_length>
                        <eventsRec>
                          <loss speciesLocation="Myessoensis"></loss>
                        </eventsRec>
                      </clade>
                    </clade>
                  </clade>
                  <clade>
                    <name>r57</name>
                    <confidence>1.0</confidence>
                    <branch_length>1.0</branch_length>
                    <eventsRec>
                      <speciation speciesLocation="Bilateria"></speciation>
                    </eventsRec>
                    <clade>
                      <name>r55</name>
                      <confidence>1.0</confidence>
                      <branch_length>1.0</branch_length>
                      <eventsRec>
                        <speciation speciesLocation="Deuterostomia"></speciation>
                      </eventsRec>
                      <clade>
                        <name>r53</name>
                        <confidence>1.0</confidence>
                        <branch_length>1.0</branch_length>
                        <eventsRec>
                          <speciation speciesLocation="Chordata"></speciation>
                        </eventsRec>
                        <clade>
                          <name>Bbelcheri.XP_019635717.1</name>
                          <confidence>1.0</confidence>
                          <branch_length>1.0</branch_length>
                          <eventsRec>
                            <leaf speciesLocation="Bbelcheri" geneName="Bbelcheri.XP_019635717.1"></leaf>
                          </eventsRec>
                        </clade>
                        <clade>
                          <name>Hsapiens*LOST</name>
                          <confidence>1.0</confidence>
                          <branch_length>1.0</branch_length>
                          <eventsRec>
                            <loss speciesLocation="Hsapiens"></loss>
                          </eventsRec>
                        </clade>
                      </clade>
                      <clade>
                        <name>Aplanci*LOST</name>
                        <confidence>1.0</confidence>
                        <branch_length>1.0</branch_length>
                        <eventsRec>
                          <loss speciesLocation="Aplanci"></loss>
                        </eventsRec>
                      </clade>
                    </clade>
                    <clade>
                      <name>Myessoensis*LOST</name>
                      <confidence>1.0</confidence>
                      <branch_length>1.0</branch_length>
                      <eventsRec>
                        <loss speciesLocation="Myessoensis"></loss>
                      </eventsRec>
                    </clade>
                  </clade>
                </clade>
                <clade>
                  <name>r59</name>
                  <confidence>1.0</confidence>
                  <branch_length>1.0</branch_length>
                  <eventsRec>
                    <speciation speciesLocation="Cnidaria"></speciation>
                  </eventsRec>
                  <clade>
                    <name>Hvulgaris.XP_012566771.1</name>
                    <confidence>1.0</confidence>
                    <branch_length>1.0</branch_length>
                    <eventsRec>
                      <leaf speciesLocation="Hvulgaris" geneName="Hvulgaris.XP_012566771.1"></leaf>
                    </eventsRec>
                  </clade>
                  <clade>
                    <name>Anthozoa*LOST</name>
                    <confidence>1.0</confidence>
                    <branch_length>1.0</branch_length>
                    <eventsRec>
                      <loss speciesLocation="Anthozoa"></loss>
                    </eventsRec>
                  </clade>
                </clade>
              </clade>
            </clade>
            <clade>
              <name>r65</name>
              <confidence>1.0</confidence>
              <branch_length>1.0</branch_length>
              <eventsRec>
                <speciation speciesLocation="Eumetazoa"></speciation>
              </eventsRec>
              <clade>
                <name>r63</name>
                <confidence>1.0</confidence>
                <branch_length>1.0</branch_length>
                <eventsRec>
                  <speciation speciesLocation="Cnidaria"></speciation>
                </eventsRec>
                <clade>
                  <name>r61</name>
                  <confidence>1.0</confidence>
                  <branch_length>1.0</branch_length>
                  <eventsRec>
                    <speciation speciesLocation="Anthozoa"></speciation>
                  </eventsRec>
                  <clade>
                    <name>Dgigantea.XP_028391049.1</name>
                    <confidence>1.0</confidence>
                    <branch_length>1.0</branch_length>
                    <eventsRec>
                      <leaf speciesLocation="Dgigantea" geneName="Dgigantea.XP_028391049.1"></leaf>
                    </eventsRec>
                  </clade>
                  <clade>
                    <name>Nvectensis*LOST</name>
                    <confidence>1.0</confidence>
                    <branch_length>1.0</branch_length>
                    <eventsRec>
                      <loss speciesLocation="Nvectensis"></loss>
                    </eventsRec>
                  </clade>
                </clade>
                <clade>
                  <name>Hvulgaris*LOST</name>
                  <confidence>1.0</confidence>
                  <branch_length>1.0</branch_length>
                  <eventsRec>
                    <loss speciesLocation="Hvulgaris"></loss>
                  </eventsRec>
                </clade>
              </clade>
              <clade>
                <name>Bilateria*LOST</name>
                <confidence>1.0</confidence>
                <branch_length>1.0</branch_length>
                <eventsRec>
                  <loss speciesLocation="Bilateria"></loss>
                </eventsRec>
              </clade>
            </clade>
          </clade>
          <clade>
            <name>r69</name>
            <confidence>1.0</confidence>
            <branch_length>1.0</branch_length>
            <eventsRec>
              <speciation speciesLocation="Eumetazoa"></speciation>
            </eventsRec>
            <clade>
              <name>r67</name>
              <confidence>1.0</confidence>
              <branch_length>1.0</branch_length>
              <eventsRec>
                <speciation speciesLocation="Cnidaria"></speciation>
              </eventsRec>
              <clade>
                <name>Hvulgaris.XP_002166139.2</name>
                <confidence>1.0</confidence>
                <branch_length>1.0</branch_length>
                <eventsRec>
                  <leaf speciesLocation="Hvulgaris" geneName="Hvulgaris.XP_002166139.2"></leaf>
                </eventsRec>
              </clade>
              <clade>
                <name>Anthozoa*LOST</name>
                <confidence>1.0</confidence>
                <branch_length>1.0</branch_length>
                <eventsRec>
                  <loss speciesLocation="Anthozoa"></loss>
                </eventsRec>
              </clade>
            </clade>
            <clade>
              <name>Bilateria*LOST</name>
              <confidence>1.0</confidence>
              <branch_length>1.0</branch_length>
              <eventsRec>
                <loss speciesLocation="Bilateria"></loss>
              </eventsRec>
            </clade>
          </clade>
        </clade>
        <clade>
          <name>r75</name>
          <confidence>1.0</confidence>
          <branch_length>1.0</branch_length>
          <eventsRec>
            <speciation speciesLocation="Eumetazoa"></speciation>
          </eventsRec>
          <clade>
            <name>r73</name>
            <confidence>1.0</confidence>
            <branch_length>1.0</branch_length>
            <eventsRec>
              <speciation speciesLocation="Bilateria"></speciation>
            </eventsRec>
            <clade>
              <name>n56</name>
              <confidence>1.0</confidence>
              <branch_length>2.05430859955</branch_length>
              <eventsRec>
                <speciation speciesLocation="Deuterostomia"></speciation>
              </eventsRec>
              <clade>
                <name>r71</name>
                <confidence>1.0</confidence>
                <branch_length>1.0</branch_length>
                <eventsRec>
                  <speciation speciesLocation="Chordata"></speciation>
                </eventsRec>
                <clade>
                  <name>n52</name>
                  <confidence>1.0</confidence>
                  <branch_length>1.4242415093</branch_length>
                  <eventsRec>
                    <duplication speciesLocation="Bbelcheri"></duplication>
                  </eventsRec>
                  <clade>
                    <name>Bbelcheri.XP_019629692.1</name>
                    <confidence>1.0</confidence>
                    <branch_length>1.0</branch_length>
                    <eventsRec>
                      <leaf speciesLocation="Bbelcheri" geneName="Bbelcheri.XP_019629692.1"></leaf>
                    </eventsRec>
                  </clade>
                  <clade>
                    <name>Bbelcheri.XP_019629260.1</name>
                    <confidence>1.0</confidence>
                    <branch_length>1.0</branch_length>
                    <eventsRec>
                      <leaf speciesLocation="Bbelcheri" geneName="Bbelcheri.XP_019629260.1"></leaf>
                    </eventsRec>
                  </clade>
                </clade>
                <clade>
                  <name>Hsapiens*LOST</name>
                  <confidence>1.0</confidence>
                  <branch_length>1.0</branch_length>
                  <eventsRec>
                    <loss speciesLocation="Hsapiens"></loss>
                  </eventsRec>
                </clade>
              </clade>
              <clade>
                <name>n55</name>
                <confidence>1.0</confidence>
                <branch_length>0.202822001</branch_length>
                <eventsRec>
                  <duplication speciesLocation="Aplanci"></duplication>
                </eventsRec>
                <clade>
                  <name>Aplanci.XP_022096137.1</name>
                  <confidence>1.0</confidence>
                  <branch_length>1.0</branch_length>
                  <eventsRec>
                    <leaf speciesLocation="Aplanci" geneName="Aplanci.XP_022096137.1"></leaf>
                  </eventsRec>
                </clade>
                <clade>
                  <name>Aplanci.XP_022082318.1</name>
                  <confidence>1.0</confidence>
                  <branch_length>1.0</branch_length>
                  <eventsRec>
                    <leaf speciesLocation="Aplanci" geneName="Aplanci.XP_022082318.1"></leaf>
                  </eventsRec>
                </clade>
              </clade>
            </clade>
            <clade>
              <name>Myessoensis*LOST</name>
              <confidence>1.0</confidence>
              <branch_length>1.0</branch_length>
              <eventsRec>
                <loss speciesLocation="Myessoensis"></loss>
              </eventsRec>
            </clade>
          </clade>
          <clade>
            <name>Cnidaria*LOST</name>
            <confidence>1.0</confidence>
            <branch_length>1.0</branch_length>
            <eventsRec>
              <loss speciesLocation="Cnidaria"></loss>
            </eventsRec>
          </clade>
        </clade>
      </clade>
    </phylogeny>
  </recGeneTree>
</recPhylo>
