Aplanci.XP_022096137.1	ea4811d1647fa39c21123a9f12c04537	284	SMART	SM01007	Aldolase_II_2	45	232	4.2E-36	T	26-10-2021	IPR001303	Class II aldolase/adducin N-terminal	-	MetaCyc: PWY-4361|MetaCyc: PWY-5197|MetaCyc: PWY-5499|MetaCyc: PWY-6644|MetaCyc: PWY-6961|MetaCyc: PWY-7085|MetaCyc: PWY-7089|MetaCyc: PWY-7174|MetaCyc: PWY-7303|MetaCyc: PWY-7871|MetaCyc: PWY-7872|MetaCyc: PWY-7873|MetaCyc: PWY-7874|MetaCyc: PWY-8130|MetaCyc: PWY-8131|MetaCyc: PWY-8132|Reactome: R-CEL-5223345|Reactome: R-DME-111458|Reactome: R-DME-264870|Reactome: R-DME-5223345|Reactome: R-DME-9627069|Reactome: R-DRE-111458|Reactome: R-DRE-9627069|Reactome: R-HSA-111458|Reactome: R-HSA-1237112|Reactome: R-HSA-264870|Reactome: R-HSA-381038|Reactome: R-HSA-5223345|Reactome: R-HSA-9627069|Reactome: R-MMU-111458|Reactome: R-MMU-264870|Reactome: R-MMU-5223345|Reactome: R-MMU-9627069|Reactome: R-RNO-264870|Reactome: R-RNO-5223345
Aplanci.XP_022096137.1	ea4811d1647fa39c21123a9f12c04537	284	PANTHER	PTHR10672	ADDUCIN	36	282	2.8E-85	T	26-10-2021	-	-
Aplanci.XP_022096137.1	ea4811d1647fa39c21123a9f12c04537	284	SUPERFAMILY	SSF53639	AraD/HMP-PK domain-like	40	261	1.88E-44	T	26-10-2021	IPR036409	Class II aldolase/adducin N-terminal domain superfamily	-	MetaCyc: PWY-4361|MetaCyc: PWY-5197|MetaCyc: PWY-5499|MetaCyc: PWY-6644|MetaCyc: PWY-6890|MetaCyc: PWY-6893|MetaCyc: PWY-6894|MetaCyc: PWY-6897|MetaCyc: PWY-6907|MetaCyc: PWY-6908|MetaCyc: PWY-6910|MetaCyc: PWY-6961|MetaCyc: PWY-7085|MetaCyc: PWY-7089|MetaCyc: PWY-7174|MetaCyc: PWY-7282|MetaCyc: PWY-7303|MetaCyc: PWY-7356|MetaCyc: PWY-7357|MetaCyc: PWY-7871|MetaCyc: PWY-7872|MetaCyc: PWY-7873|MetaCyc: PWY-7874|MetaCyc: PWY-8130|MetaCyc: PWY-8131|MetaCyc: PWY-8132|Reactome: R-CEL-5223345|Reactome: R-DME-111458|Reactome: R-DME-264870|Reactome: R-DME-5223345|Reactome: R-DME-9627069|Reactome: R-DRE-111458|Reactome: R-DRE-9627069|Reactome: R-HSA-111458|Reactome: R-HSA-1237112|Reactome: R-HSA-264870|Reactome: R-HSA-381038|Reactome: R-HSA-5223345|Reactome: R-HSA-9627069|Reactome: R-MMU-111458|Reactome: R-MMU-264870|Reactome: R-MMU-5223345|Reactome: R-MMU-9627069|Reactome: R-RNO-264870|Reactome: R-RNO-5223345
Aplanci.XP_022096137.1	ea4811d1647fa39c21123a9f12c04537	284	Pfam	PF00596	Class II Aldolase and Adducin N-terminal domain	45	232	1.3E-34	T	26-10-2021	IPR001303	Class II aldolase/adducin N-terminal	-	MetaCyc: PWY-4361|MetaCyc: PWY-5197|MetaCyc: PWY-5499|MetaCyc: PWY-6644|MetaCyc: PWY-6961|MetaCyc: PWY-7085|MetaCyc: PWY-7089|MetaCyc: PWY-7174|MetaCyc: PWY-7303|MetaCyc: PWY-7871|MetaCyc: PWY-7872|MetaCyc: PWY-7873|MetaCyc: PWY-7874|MetaCyc: PWY-8130|MetaCyc: PWY-8131|MetaCyc: PWY-8132|Reactome: R-CEL-5223345|Reactome: R-DME-111458|Reactome: R-DME-264870|Reactome: R-DME-5223345|Reactome: R-DME-9627069|Reactome: R-DRE-111458|Reactome: R-DRE-9627069|Reactome: R-HSA-111458|Reactome: R-HSA-1237112|Reactome: R-HSA-264870|Reactome: R-HSA-381038|Reactome: R-HSA-5223345|Reactome: R-HSA-9627069|Reactome: R-MMU-111458|Reactome: R-MMU-264870|Reactome: R-MMU-5223345|Reactome: R-MMU-9627069|Reactome: R-RNO-264870|Reactome: R-RNO-5223345
Aplanci.XP_022096137.1	ea4811d1647fa39c21123a9f12c04537	284	Gene3D	G3DSA:3.40.225.10	-	35	284	6.6E-53	T	26-10-2021	IPR036409	Class II aldolase/adducin N-terminal domain superfamily	-	MetaCyc: PWY-4361|MetaCyc: PWY-5197|MetaCyc: PWY-5499|MetaCyc: PWY-6644|MetaCyc: PWY-6890|MetaCyc: PWY-6893|MetaCyc: PWY-6894|MetaCyc: PWY-6897|MetaCyc: PWY-6907|MetaCyc: PWY-6908|MetaCyc: PWY-6910|MetaCyc: PWY-6961|MetaCyc: PWY-7085|MetaCyc: PWY-7089|MetaCyc: PWY-7174|MetaCyc: PWY-7282|MetaCyc: PWY-7303|MetaCyc: PWY-7356|MetaCyc: PWY-7357|MetaCyc: PWY-7871|MetaCyc: PWY-7872|MetaCyc: PWY-7873|MetaCyc: PWY-7874|MetaCyc: PWY-8130|MetaCyc: PWY-8131|MetaCyc: PWY-8132|Reactome: R-CEL-5223345|Reactome: R-DME-111458|Reactome: R-DME-264870|Reactome: R-DME-5223345|Reactome: R-DME-9627069|Reactome: R-DRE-111458|Reactome: R-DRE-9627069|Reactome: R-HSA-111458|Reactome: R-HSA-1237112|Reactome: R-HSA-264870|Reactome: R-HSA-381038|Reactome: R-HSA-5223345|Reactome: R-HSA-9627069|Reactome: R-MMU-111458|Reactome: R-MMU-264870|Reactome: R-MMU-5223345|Reactome: R-MMU-9627069|Reactome: R-RNO-264870|Reactome: R-RNO-5223345
Aplanci.XP_022096137.1	ea4811d1647fa39c21123a9f12c04537	284	PANTHER	PTHR10672:SF21	CLASS II ALDOLASE/ADDUCIN N-TERMINAL	36	282	2.8E-85	T	26-10-2021	-	-
