Hsapiens.NP_001608.1	5e54af1b5b464e5e6853d312cc7a767c	726	MobiDBLite	mobidb-lite	consensus disorder prediction	684	699	-	T	26-10-2021	-	-
Hsapiens.NP_001608.1	5e54af1b5b464e5e6853d312cc7a767c	726	Gene3D	G3DSA:3.40.225.10	-	123	379	4.1E-63	T	26-10-2021	IPR036409	Class II aldolase/adducin N-terminal domain superfamily	-	MetaCyc: PWY-4361|MetaCyc: PWY-5197|MetaCyc: PWY-5499|MetaCyc: PWY-6644|MetaCyc: PWY-6890|MetaCyc: PWY-6893|MetaCyc: PWY-6894|MetaCyc: PWY-6897|MetaCyc: PWY-6907|MetaCyc: PWY-6908|MetaCyc: PWY-6910|MetaCyc: PWY-6961|MetaCyc: PWY-7085|MetaCyc: PWY-7089|MetaCyc: PWY-7174|MetaCyc: PWY-7282|MetaCyc: PWY-7303|MetaCyc: PWY-7356|MetaCyc: PWY-7357|MetaCyc: PWY-7871|MetaCyc: PWY-7872|MetaCyc: PWY-7873|MetaCyc: PWY-7874|MetaCyc: PWY-8130|MetaCyc: PWY-8131|MetaCyc: PWY-8132|Reactome: R-CEL-5223345|Reactome: R-DME-111458|Reactome: R-DME-264870|Reactome: R-DME-5223345|Reactome: R-DME-9627069|Reactome: R-DRE-111458|Reactome: R-DRE-9627069|Reactome: R-HSA-111458|Reactome: R-HSA-1237112|Reactome: R-HSA-264870|Reactome: R-HSA-381038|Reactome: R-HSA-5223345|Reactome: R-HSA-9627069|Reactome: R-MMU-111458|Reactome: R-MMU-264870|Reactome: R-MMU-5223345|Reactome: R-MMU-9627069|Reactome: R-RNO-264870|Reactome: R-RNO-5223345
Hsapiens.NP_001608.1	5e54af1b5b464e5e6853d312cc7a767c	726	MobiDBLite	mobidb-lite	consensus disorder prediction	525	726	-	T	26-10-2021	-	-
Hsapiens.NP_001608.1	5e54af1b5b464e5e6853d312cc7a767c	726	Coils	Coil	Coil	558	585	-	T	26-10-2021	-	-
Hsapiens.NP_001608.1	5e54af1b5b464e5e6853d312cc7a767c	726	MobiDBLite	mobidb-lite	consensus disorder prediction	703	717	-	T	26-10-2021	-	-
Hsapiens.NP_001608.1	5e54af1b5b464e5e6853d312cc7a767c	726	SMART	SM01007	Aldolase_II_2	135	317	3.1E-50	T	26-10-2021	IPR001303	Class II aldolase/adducin N-terminal	-	MetaCyc: PWY-4361|MetaCyc: PWY-5197|MetaCyc: PWY-5499|MetaCyc: PWY-6644|MetaCyc: PWY-6961|MetaCyc: PWY-7085|MetaCyc: PWY-7089|MetaCyc: PWY-7174|MetaCyc: PWY-7303|MetaCyc: PWY-7871|MetaCyc: PWY-7872|MetaCyc: PWY-7873|MetaCyc: PWY-7874|MetaCyc: PWY-8130|MetaCyc: PWY-8131|MetaCyc: PWY-8132|Reactome: R-CEL-5223345|Reactome: R-DME-111458|Reactome: R-DME-264870|Reactome: R-DME-5223345|Reactome: R-DME-9627069|Reactome: R-DRE-111458|Reactome: R-DRE-9627069|Reactome: R-HSA-111458|Reactome: R-HSA-1237112|Reactome: R-HSA-264870|Reactome: R-HSA-381038|Reactome: R-HSA-5223345|Reactome: R-HSA-9627069|Reactome: R-MMU-111458|Reactome: R-MMU-264870|Reactome: R-MMU-5223345|Reactome: R-MMU-9627069|Reactome: R-RNO-264870|Reactome: R-RNO-5223345
Hsapiens.NP_001608.1	5e54af1b5b464e5e6853d312cc7a767c	726	Coils	Coil	Coil	31	51	-	T	26-10-2021	-	-
Hsapiens.NP_001608.1	5e54af1b5b464e5e6853d312cc7a767c	726	Pfam	PF00596	Class II Aldolase and Adducin N-terminal domain	136	317	2.4E-35	T	26-10-2021	IPR001303	Class II aldolase/adducin N-terminal	-	MetaCyc: PWY-4361|MetaCyc: PWY-5197|MetaCyc: PWY-5499|MetaCyc: PWY-6644|MetaCyc: PWY-6961|MetaCyc: PWY-7085|MetaCyc: PWY-7089|MetaCyc: PWY-7174|MetaCyc: PWY-7303|MetaCyc: PWY-7871|MetaCyc: PWY-7872|MetaCyc: PWY-7873|MetaCyc: PWY-7874|MetaCyc: PWY-8130|MetaCyc: PWY-8131|MetaCyc: PWY-8132|Reactome: R-CEL-5223345|Reactome: R-DME-111458|Reactome: R-DME-264870|Reactome: R-DME-5223345|Reactome: R-DME-9627069|Reactome: R-DRE-111458|Reactome: R-DRE-9627069|Reactome: R-HSA-111458|Reactome: R-HSA-1237112|Reactome: R-HSA-264870|Reactome: R-HSA-381038|Reactome: R-HSA-5223345|Reactome: R-HSA-9627069|Reactome: R-MMU-111458|Reactome: R-MMU-264870|Reactome: R-MMU-5223345|Reactome: R-MMU-9627069|Reactome: R-RNO-264870|Reactome: R-RNO-5223345
Hsapiens.NP_001608.1	5e54af1b5b464e5e6853d312cc7a767c	726	PANTHER	PTHR10672	ADDUCIN	1	726	0.0	T	26-10-2021	-	-
Hsapiens.NP_001608.1	5e54af1b5b464e5e6853d312cc7a767c	726	MobiDBLite	mobidb-lite	consensus disorder prediction	1	25	-	T	26-10-2021	-	-
Hsapiens.NP_001608.1	5e54af1b5b464e5e6853d312cc7a767c	726	MobiDBLite	mobidb-lite	consensus disorder prediction	661	675	-	T	26-10-2021	-	-
Hsapiens.NP_001608.1	5e54af1b5b464e5e6853d312cc7a767c	726	MobiDBLite	mobidb-lite	consensus disorder prediction	563	589	-	T	26-10-2021	-	-
Hsapiens.NP_001608.1	5e54af1b5b464e5e6853d312cc7a767c	726	CDD	cd00398	Aldolase_II	130	340	1.84971E-72	T	26-10-2021	-	-
Hsapiens.NP_001608.1	5e54af1b5b464e5e6853d312cc7a767c	726	PANTHER	PTHR10672:SF6	BETA-ADDUCIN	1	726	0.0	T	26-10-2021	IPR027773	Beta-adducin	GO:0005856	Reactome: R-HSA-5223345|Reactome: R-MMU-5223345|Reactome: R-RNO-5223345
Hsapiens.NP_001608.1	5e54af1b5b464e5e6853d312cc7a767c	726	SUPERFAMILY	SSF53639	AraD/HMP-PK domain-like	130	322	5.89E-49	T	26-10-2021	IPR036409	Class II aldolase/adducin N-terminal domain superfamily	-	MetaCyc: PWY-4361|MetaCyc: PWY-5197|MetaCyc: PWY-5499|MetaCyc: PWY-6644|MetaCyc: PWY-6890|MetaCyc: PWY-6893|MetaCyc: PWY-6894|MetaCyc: PWY-6897|MetaCyc: PWY-6907|MetaCyc: PWY-6908|MetaCyc: PWY-6910|MetaCyc: PWY-6961|MetaCyc: PWY-7085|MetaCyc: PWY-7089|MetaCyc: PWY-7174|MetaCyc: PWY-7282|MetaCyc: PWY-7303|MetaCyc: PWY-7356|MetaCyc: PWY-7357|MetaCyc: PWY-7871|MetaCyc: PWY-7872|MetaCyc: PWY-7873|MetaCyc: PWY-7874|MetaCyc: PWY-8130|MetaCyc: PWY-8131|MetaCyc: PWY-8132|Reactome: R-CEL-5223345|Reactome: R-DME-111458|Reactome: R-DME-264870|Reactome: R-DME-5223345|Reactome: R-DME-9627069|Reactome: R-DRE-111458|Reactome: R-DRE-9627069|Reactome: R-HSA-111458|Reactome: R-HSA-1237112|Reactome: R-HSA-264870|Reactome: R-HSA-381038|Reactome: R-HSA-5223345|Reactome: R-HSA-9627069|Reactome: R-MMU-111458|Reactome: R-MMU-264870|Reactome: R-MMU-5223345|Reactome: R-MMU-9627069|Reactome: R-RNO-264870|Reactome: R-RNO-5223345
