Myessoensis.XP_021374340.1	1d1d18b9ca944c6c157728b803b1d5e4	824	MobiDBLite	mobidb-lite	consensus disorder prediction	1	46	-	T	26-10-2021	-	-
Myessoensis.XP_021374340.1	1d1d18b9ca944c6c157728b803b1d5e4	824	MobiDBLite	mobidb-lite	consensus disorder prediction	619	641	-	T	26-10-2021	-	-
Myessoensis.XP_021374340.1	1d1d18b9ca944c6c157728b803b1d5e4	824	MobiDBLite	mobidb-lite	consensus disorder prediction	648	668	-	T	26-10-2021	-	-
Myessoensis.XP_021374340.1	1d1d18b9ca944c6c157728b803b1d5e4	824	MobiDBLite	mobidb-lite	consensus disorder prediction	595	824	-	T	26-10-2021	-	-
Myessoensis.XP_021374340.1	1d1d18b9ca944c6c157728b803b1d5e4	824	Pfam	PF00596	Class II Aldolase and Adducin N-terminal domain	133	313	5.0E-42	T	26-10-2021	IPR001303	Class II aldolase/adducin N-terminal	-	MetaCyc: PWY-4361|MetaCyc: PWY-5197|MetaCyc: PWY-5499|MetaCyc: PWY-6644|MetaCyc: PWY-6961|MetaCyc: PWY-7085|MetaCyc: PWY-7089|MetaCyc: PWY-7174|MetaCyc: PWY-7303|MetaCyc: PWY-7871|MetaCyc: PWY-7872|MetaCyc: PWY-7873|MetaCyc: PWY-7874|MetaCyc: PWY-8130|MetaCyc: PWY-8131|MetaCyc: PWY-8132|Reactome: R-CEL-5223345|Reactome: R-DME-111458|Reactome: R-DME-264870|Reactome: R-DME-5223345|Reactome: R-DME-9627069|Reactome: R-DRE-111458|Reactome: R-DRE-9627069|Reactome: R-HSA-111458|Reactome: R-HSA-1237112|Reactome: R-HSA-264870|Reactome: R-HSA-381038|Reactome: R-HSA-5223345|Reactome: R-HSA-9627069|Reactome: R-MMU-111458|Reactome: R-MMU-264870|Reactome: R-MMU-5223345|Reactome: R-MMU-9627069|Reactome: R-RNO-264870|Reactome: R-RNO-5223345
Myessoensis.XP_021374340.1	1d1d18b9ca944c6c157728b803b1d5e4	824	Gene3D	G3DSA:3.40.225.10	-	120	374	1.9E-77	T	26-10-2021	IPR036409	Class II aldolase/adducin N-terminal domain superfamily	-	MetaCyc: PWY-4361|MetaCyc: PWY-5197|MetaCyc: PWY-5499|MetaCyc: PWY-6644|MetaCyc: PWY-6890|MetaCyc: PWY-6893|MetaCyc: PWY-6894|MetaCyc: PWY-6897|MetaCyc: PWY-6907|MetaCyc: PWY-6908|MetaCyc: PWY-6910|MetaCyc: PWY-6961|MetaCyc: PWY-7085|MetaCyc: PWY-7089|MetaCyc: PWY-7174|MetaCyc: PWY-7282|MetaCyc: PWY-7303|MetaCyc: PWY-7356|MetaCyc: PWY-7357|MetaCyc: PWY-7871|MetaCyc: PWY-7872|MetaCyc: PWY-7873|MetaCyc: PWY-7874|MetaCyc: PWY-8130|MetaCyc: PWY-8131|MetaCyc: PWY-8132|Reactome: R-CEL-5223345|Reactome: R-DME-111458|Reactome: R-DME-264870|Reactome: R-DME-5223345|Reactome: R-DME-9627069|Reactome: R-DRE-111458|Reactome: R-DRE-9627069|Reactome: R-HSA-111458|Reactome: R-HSA-1237112|Reactome: R-HSA-264870|Reactome: R-HSA-381038|Reactome: R-HSA-5223345|Reactome: R-HSA-9627069|Reactome: R-MMU-111458|Reactome: R-MMU-264870|Reactome: R-MMU-5223345|Reactome: R-MMU-9627069|Reactome: R-RNO-264870|Reactome: R-RNO-5223345
Myessoensis.XP_021374340.1	1d1d18b9ca944c6c157728b803b1d5e4	824	MobiDBLite	mobidb-lite	consensus disorder prediction	687	701	-	T	26-10-2021	-	-
Myessoensis.XP_021374340.1	1d1d18b9ca944c6c157728b803b1d5e4	824	MobiDBLite	mobidb-lite	consensus disorder prediction	734	760	-	T	26-10-2021	-	-
Myessoensis.XP_021374340.1	1d1d18b9ca944c6c157728b803b1d5e4	824	MobiDBLite	mobidb-lite	consensus disorder prediction	1	16	-	T	26-10-2021	-	-
Myessoensis.XP_021374340.1	1d1d18b9ca944c6c157728b803b1d5e4	824	MobiDBLite	mobidb-lite	consensus disorder prediction	776	797	-	T	26-10-2021	-	-
Myessoensis.XP_021374340.1	1d1d18b9ca944c6c157728b803b1d5e4	824	MobiDBLite	mobidb-lite	consensus disorder prediction	761	775	-	T	26-10-2021	-	-
Myessoensis.XP_021374340.1	1d1d18b9ca944c6c157728b803b1d5e4	824	PANTHER	PTHR10672	ADDUCIN	9	820	0.0	T	26-10-2021	-	-
Myessoensis.XP_021374340.1	1d1d18b9ca944c6c157728b803b1d5e4	824	MobiDBLite	mobidb-lite	consensus disorder prediction	22	46	-	T	26-10-2021	-	-
Myessoensis.XP_021374340.1	1d1d18b9ca944c6c157728b803b1d5e4	824	SMART	SM01007	Aldolase_II_2	132	314	6.5E-58	T	26-10-2021	IPR001303	Class II aldolase/adducin N-terminal	-	MetaCyc: PWY-4361|MetaCyc: PWY-5197|MetaCyc: PWY-5499|MetaCyc: PWY-6644|MetaCyc: PWY-6961|MetaCyc: PWY-7085|MetaCyc: PWY-7089|MetaCyc: PWY-7174|MetaCyc: PWY-7303|MetaCyc: PWY-7871|MetaCyc: PWY-7872|MetaCyc: PWY-7873|MetaCyc: PWY-7874|MetaCyc: PWY-8130|MetaCyc: PWY-8131|MetaCyc: PWY-8132|Reactome: R-CEL-5223345|Reactome: R-DME-111458|Reactome: R-DME-264870|Reactome: R-DME-5223345|Reactome: R-DME-9627069|Reactome: R-DRE-111458|Reactome: R-DRE-9627069|Reactome: R-HSA-111458|Reactome: R-HSA-1237112|Reactome: R-HSA-264870|Reactome: R-HSA-381038|Reactome: R-HSA-5223345|Reactome: R-HSA-9627069|Reactome: R-MMU-111458|Reactome: R-MMU-264870|Reactome: R-MMU-5223345|Reactome: R-MMU-9627069|Reactome: R-RNO-264870|Reactome: R-RNO-5223345
Myessoensis.XP_021374340.1	1d1d18b9ca944c6c157728b803b1d5e4	824	SUPERFAMILY	SSF53639	AraD/HMP-PK domain-like	127	333	2.35E-57	T	26-10-2021	IPR036409	Class II aldolase/adducin N-terminal domain superfamily	-	MetaCyc: PWY-4361|MetaCyc: PWY-5197|MetaCyc: PWY-5499|MetaCyc: PWY-6644|MetaCyc: PWY-6890|MetaCyc: PWY-6893|MetaCyc: PWY-6894|MetaCyc: PWY-6897|MetaCyc: PWY-6907|MetaCyc: PWY-6908|MetaCyc: PWY-6910|MetaCyc: PWY-6961|MetaCyc: PWY-7085|MetaCyc: PWY-7089|MetaCyc: PWY-7174|MetaCyc: PWY-7282|MetaCyc: PWY-7303|MetaCyc: PWY-7356|MetaCyc: PWY-7357|MetaCyc: PWY-7871|MetaCyc: PWY-7872|MetaCyc: PWY-7873|MetaCyc: PWY-7874|MetaCyc: PWY-8130|MetaCyc: PWY-8131|MetaCyc: PWY-8132|Reactome: R-CEL-5223345|Reactome: R-DME-111458|Reactome: R-DME-264870|Reactome: R-DME-5223345|Reactome: R-DME-9627069|Reactome: R-DRE-111458|Reactome: R-DRE-9627069|Reactome: R-HSA-111458|Reactome: R-HSA-1237112|Reactome: R-HSA-264870|Reactome: R-HSA-381038|Reactome: R-HSA-5223345|Reactome: R-HSA-9627069|Reactome: R-MMU-111458|Reactome: R-MMU-264870|Reactome: R-MMU-5223345|Reactome: R-MMU-9627069|Reactome: R-RNO-264870|Reactome: R-RNO-5223345
